"iter","seed","tau_mean","tau_sd","tau_p5","tau_p25","tau_p50","tau_p75","tau_p95","tau_min","tau_max","pct_beneficial","n_treated","n_control","pct_treated","propensity_mean","propensity_sd","propensity_p5","propensity_p95","ATT","ATC","ATT_ATC_gap","prop_tau_corr","snr","overlap_min","overlap_max","pct_near_boundary"
1,1,-0.7,3.84535048894112,-6.92461774179975,-3.4294641472053,-0.746828715628024,1.87392147714575,6.00805053995893,-10.0221583630744,9.28532062755562,0.583333333333333,123,177,0.41,0.417970262096938,0.295144860217858,0.05,0.886651568475932,-2.08249333044121,0.26071570420491,-2.34320903464612,-0.449139665548542,0.769070097788223,0.05,0.95,0.13
2,2,-0.7,3.96757138137936,-7.30786740012381,-3.36946516180822,-0.791600761834093,2.24099765435655,5.90677706875395,-10.7262230450229,9.58568138846244,0.54,123,177,0.41,0.428927269884262,0.298866754087712,0.05,0.870500285626611,-1.74468639830154,0.0259685140739535,-1.7706549123755,-0.367488772601001,0.793514276275871,0.05,0.931489365801883,0.13
3,3,-0.699999999999999,3.86634338069638,-7.37103918840962,-3.46461719200314,-0.751204298719825,2.3158841893309,5.33198207177399,-9.94342417869915,7.59234759801592,0.566666666666667,125,175,0.416666666666667,0.418129674764363,0.291781442112862,0.05,0.905476037241627,-1.72000806970014,0.0285771926429617,-1.74858526234311,-0.375986195184212,0.773268676139277,0.05,0.95,0.146666666666667
4,4,-0.700000000000001,3.77284236319766,-7.13860444903395,-3.19219600357816,-0.688571205189439,1.67628271131377,5.82938435049342,-9.99223860435022,9.28361441270519,0.583333333333333,140,160,0.466666666666667,0.418876112170636,0.295556810016673,0.05,0.904661345972048,-1.9302613971261,0.376478722485339,-2.30674011961144,-0.368881847767201,0.754568472639531,0.05,0.95,0.163333333333333
5,5,-0.700000000000001,3.74712887172769,-7.45432779511201,-3.16126147281098,-0.380029466435311,2.0283250598919,5.30170380435711,-9.73633893195398,8.86421716001845,0.55,128,172,0.426666666666667,0.423243319222165,0.289233771093008,0.05,0.893387934688101,-1.44698370206619,-0.144105151950742,-1.30287855011545,-0.383437962900185,0.749425774345538,0.05,0.95,0.183333333333333
6,6,-0.699999999999999,3.94992830225459,-7.2911338300967,-3.31843900466653,-0.530359408721215,1.85381151642325,5.80749167283339,-9.65091234933828,9.0268570522822,0.533333333333333,133,167,0.443333333333333,0.41843172981165,0.293711884665099,0.05,0.89775557692984,-1.97535910708551,0.315705157139955,-2.29106426422546,-0.413121414239309,0.789985660450918,0.05,0.95,0.133333333333333
7,7,-0.700000000000001,4.09546030001085,-7.0702598286297,-3.86650230769369,-0.813528539116986,2.10176372176222,5.92642080224296,-11.3279200803123,9.62579811889669,0.58,119,181,0.396666666666667,0.420666366583426,0.293504646322265,0.05,0.892137290665846,-2.49753903395529,0.481807431163975,-2.97934646511927,-0.491911741266776,0.81909206000217,0.05,0.938206810801271,0.153333333333333
8,8,-0.7,3.82268310792087,-7.13813646876774,-3.29675666023957,-0.671156879518821,2.35385384068299,4.99014881167289,-11.4296904709418,8.66646210740684,0.576666666666667,125,175,0.416666666666667,0.419120539662508,0.297843603320091,0.0507067959551193,0.901948719958366,-1.88710428368989,0.147931631207064,-2.03503591489695,-0.403750986154845,0.764536621584175,0.05,0.95,0.143333333333333
9,9,-0.700000000000001,3.93208886823936,-7.39815501254251,-3.59055690628437,-0.605631592469614,2.03848345172707,5.89395913842891,-10.7785703860068,8.48830531790523,0.57,115,185,0.383333333333333,0.420782359519986,0.288401649904787,0.05,0.891487384237611,-1.65978422496834,-0.103377373668329,-1.55640685130001,-0.44174500675423,0.786417773647872,0.05,0.95,0.133333333333333
10,10,-0.699999999999999,3.8270226930339,-6.58704134077395,-3.32155147540091,-0.987703701095155,2.06062547038901,5.68455349201177,-10.2092133168056,8.1124553050911,0.573333333333333,126,174,0.42,0.425381514874408,0.301001299386362,0.05,0.897637077678417,-1.83770204898648,0.123853207886763,-1.96155525687324,-0.363940188500898,0.765404538606779,0.05,0.95,0.146666666666667
11,11,-0.700000000000001,3.83513217031202,-6.98411803210599,-3.26443919943247,-1.02578583578747,2.142939264849,5.30541812386761,-11.2003162546041,9.12319886458011,0.56,127,173,0.423333333333333,0.424282872785018,0.298136189819255,0.05,0.892014143894333,-1.52610145000734,-0.0935555829425877,-1.43254586706476,-0.373182255627584,0.767026434062404,0.05,0.95,0.156666666666667
12,12,-0.699999999999999,3.99816603427507,-7.30373284120358,-3.40305937231847,-0.568957886711682,2.45326892256637,5.63256872024295,-9.91741759933516,9.56999034304422,0.573333333333333,120,180,0.4,0.417243885452971,0.283331853718813,0.05,0.906361767156778,-1.62547295089455,-0.0830180327369667,-1.54245491815758,-0.414637485884705,0.799633206855013,0.05,0.95,0.196666666666667
13,13,-0.699999999999999,3.78258966302815,-6.4310679213089,-3.37885480454792,-0.627693591482217,1.72478114433339,6.0371167927381,-11.3580908477498,7.9189612173088,0.566666666666667,123,177,0.41,0.424016404398601,0.290603996483468,0.05,0.869711412902482,-1.49408524047642,-0.148178053228252,-1.34590718724817,-0.339707760812059,0.756517932605631,0.05,0.95,0.166666666666667
14,14,-0.699999999999999,3.67865337357641,-6.87055164535358,-3.20259279975965,-0.794849033268966,1.93196625004631,5.39493319311778,-9.78818066253648,8.58824831093231,0.563333333333333,115,185,0.383333333333333,0.417623007754374,0.298473837544214,0.0536311767777611,0.894992287725417,-1.91117969505173,0.0528954861132408,-1.96407518116497,-0.339563880584029,0.735730674715282,0.05,0.95,0.156666666666667
15,15,-0.700000000000001,3.83556334553087,-7.18831990326652,-3.49487198368458,-0.539752589917417,2.28635788667125,4.94044948591112,-10.3594218239321,8.74032048816399,0.556666666666667,123,177,0.41,0.426643311116206,0.291778849841361,0.05,0.872008623233916,-1.97661337461849,0.187138107785727,-2.16375148240421,-0.355523859253123,0.767112669106175,0.05,0.935034536045529,0.143333333333333
16,16,-0.7,3.72998866106703,-6.83057894897573,-2.89677867804141,-0.825762736018821,2.06884908119332,5.32471738962065,-11.7017795777916,10.01794345081,0.566666666666667,118,182,0.393333333333333,0.422217342965944,0.291560592954179,0.05,0.887129992020114,-1.60695130679115,-0.111976625267274,-1.49497468152388,-0.326866552711983,0.745997732213406,0.05,0.95,0.163333333333333
17,17,-0.7,3.82654078314418,-7.14196208295975,-3.43878545739562,-0.387242315871375,1.63057628054547,5.62560647306183,-9.25833420496449,8.31781114730628,0.553333333333333,129,171,0.43,0.420809743099702,0.296518771969136,0.05,0.907621017822716,-1.12858262689277,-0.376683281466862,-0.751899345425904,-0.375923811147426,0.765308156628835,0.05,0.95,0.166666666666667
18,18,-0.700000000000001,3.72593363005042,-6.69383285622968,-3.07552576408155,-0.74080891736761,1.47015427129895,5.47561758969134,-12.0889272840964,9.82416357854765,0.566666666666667,127,173,0.423333333333333,0.419366642985703,0.291543700177539,0.05,0.892574734121183,-1.66681490132484,0.00974273103037439,-1.67655763235522,-0.339858404203294,0.745186726010084,0.05,0.95,0.16
19,19,-0.7,3.90753075718261,-7.5429348786483,-3.25150128922038,-0.702165259942412,2.00407695190793,5.75782806470225,-10.2407412111287,9.58771390771263,0.563333333333333,124,176,0.413333333333333,0.415527945740768,0.294874620637292,0.05,0.904568100097851,-1.73973366291806,0.0325396261468166,-1.77227328906488,-0.381838742372572,0.781506151436521,0.05,0.95,0.116666666666667
20,20,-0.7,3.8702810349537,-7.1197140400153,-3.39970488633216,-0.825872896904207,2.15303706408222,5.49747852748608,-10.4311466905874,9.31321700989835,0.573333333333333,131,169,0.436666666666667,0.417670105062023,0.294472316310897,0.0527480463188579,0.877585667490278,-1.56463359591932,-0.0297810587844348,-1.53485253713488,-0.381952445100547,0.77405620699074,0.05,0.95,0.14
21,21,-0.699999999999999,3.73837548317006,-6.86705021881805,-3.14771184159798,-0.836331311049542,1.75246527286785,5.9875615780593,-9.65300726911837,8.15695136155757,0.593333333333333,123,177,0.41,0.426226500650162,0.278898024868278,0.05,0.881317827726077,-1.68984393027205,-0.0121423535397579,-1.6777015767323,-0.329536222262873,0.747675096634011,0.05,0.95,0.16
22,22,-0.7,3.98970437692038,-7.86065178518278,-3.31016505738845,-0.411921868448086,2.22998044126458,5.32202680363324,-10.8953415068077,8.8012741014857,0.543333333333333,119,181,0.396666666666667,0.419337585075164,0.291676506613862,0.05,0.891854144521084,-2.23460429817956,0.308938737477168,-2.54354303565673,-0.459682800814145,0.797940875384076,0.05,0.95,0.143333333333333
23,23,-0.699999999999999,3.74948183070404,-6.51062422765149,-3.33890458547702,-0.954630844679621,1.91197183521642,6.08515978654193,-9.91352298889426,8.20511341477419,0.61,131,169,0.436666666666667,0.424334919852712,0.288913004855754,0.05,0.886701685492078,-1.94662556162859,0.26631922232749,-2.21294478395608,-0.348713463174062,0.749896366140808,0.05,0.95,0.183333333333333
24,24,-0.699999999999999,3.78824187785674,-6.78320759658263,-3.46466589501535,-0.569414743373613,1.99702865689683,5.77559472644284,-9.31567689572368,9.8424983991587,0.566666666666667,143,157,0.476666666666667,0.421883345900107,0.293156724161703,0.05,0.872282424606736,-1.53891976708465,0.06411163498793,-1.60303140207258,-0.38645814832275,0.757648375571348,0.05,0.95,0.156666666666667
25,25,-0.700000000000001,3.9359892317509,-7.09440565239288,-3.25924905660341,-0.610962624161476,2.39299801451636,5.47666084360267,-10.5981789546835,9.59021341054137,0.583333333333333,117,183,0.39,0.420677756626576,0.286953376528885,0.05,0.875099363546458,-1.69481254263236,-0.0639723088088185,-1.63084023382355,-0.365480430596918,0.78719784635018,0.05,0.95,0.163333333333333
26,26,-0.700000000000001,3.83418840141416,-7.00014910531267,-3.34346051457434,-0.669868113174531,2.16804708685098,5.92427214978945,-9.34819653806688,8.95597249797019,0.56,130,170,0.433333333333333,0.42151680720518,0.289194537124131,0.05,0.885212751583169,-1.98753347615463,0.284584422941773,-2.2721178990964,-0.398258774011908,0.766837680282831,0.05,0.95,0.173333333333333
27,27,-0.7,3.92611053843373,-7.04780072099423,-3.60200430790606,-0.909734254814018,2.30699321385017,5.9372241574812,-9.88242276207198,8.97270591825696,0.6,136,164,0.453333333333333,0.41944111700763,0.29918923473734,0.05,0.901566747336558,-1.79920168019041,0.211533100645707,-2.01073478083612,-0.359208015184153,0.785222107686746,0.05,0.95,0.14
28,28,-0.7,3.97727730250169,-7.26724316838526,-3.49324696772516,-0.724306239420712,2.34634046671539,5.64965248509294,-11.259358181654,9.70981799611529,0.58,124,176,0.413333333333333,0.425399568238966,0.298943717007211,0.05,0.886445163072728,-1.47144852045631,-0.156479451496692,-1.31496906895962,-0.419928197398426,0.795455460500339,0.05,0.95,0.143333333333333
29,29,-0.699999999999999,3.97627132705227,-7.61254750033812,-3.7892533117656,-0.470791367361631,2.26390059407749,5.66123620766965,-9.80174161581421,9.16669086695718,0.553333333333333,111,189,0.37,0.416683600651791,0.287601053099272,0.0509982578401496,0.890195952827015,-1.88747827269116,-0.00259212556233261,-1.88488614712883,-0.409447193788336,0.795254265410454,0.05,0.95,0.18
30,30,-0.699999999999999,3.86744521402336,-7.28320921225144,-3.1965001929852,-0.573564377596969,2.18038907230984,5.26017997855767,-10.8574294410546,7.77597503276839,0.536666666666667,125,175,0.416666666666667,0.421850316800638,0.288187426574488,0.05,0.878158407450153,-1.80098980466254,0.086421289044674,-1.88741109370722,-0.376133407392149,0.773489042804673,0.05,0.934936852840053,0.14
31,31,-0.699999999999999,3.99956982607425,-7.08164533363529,-3.46800055572364,-1.11891661007644,2.33541200852267,6.24866309205181,-10.0015575347395,9.30286221603299,0.606666666666667,121,179,0.403333333333333,0.422435993498244,0.285032255093682,0.05,0.883757344930271,-1.72353679229692,-0.00811200073783616,-1.71542479155908,-0.397343347678016,0.799913965214849,0.05,0.934449936709234,0.18
32,32,-0.700000000000001,3.91129922211653,-6.9102142954948,-3.50669056061903,-0.659096942436432,1.90437742568582,6.08778800992525,-10.2377608694318,8.20466653235928,0.553333333333333,131,169,0.436666666666667,0.419115083352071,0.288229233155163,0.05,0.895970838223286,-1.5034239773324,-0.0772275678666065,-1.42619640946579,-0.378676552113231,0.782259844423306,0.05,0.95,0.186666666666667
33,33,-0.700000000000001,3.99627061337651,-7.02970814913684,-3.61881349805361,-0.738126999208193,2.25054431585791,6.01724423300072,-10.5592888369426,9.43281648835261,0.566666666666667,125,175,0.416666666666667,0.42232954259468,0.288350231296021,0.05,0.872019669405249,-1.89700212419499,0.155001517282134,-2.05200364147712,-0.38471556568676,0.799254122675302,0.05,0.95,0.156666666666667
34,34,-0.699999999999999,3.7119612204728,-6.73728970029099,-3.44171710479923,-0.456021323339643,2.02373521193494,5.16169744766558,-9.02753018207929,8.49292841942377,0.546666666666667,125,175,0.416666666666667,0.418943351568337,0.29335432088584,0.05,0.90455066016233,-1.4660342629369,-0.152832669330786,-1.31320159360611,-0.346008540982057,0.74239224409456,0.05,0.95,0.15
35,35,-0.7,3.78036546678845,-6.8332746404914,-3.50886073623486,-0.610255190912462,2.17449515862385,5.18538050039871,-9.61159960775642,10.200310303006,0.563333333333333,133,167,0.443333333333333,0.423703346573963,0.297406939699606,0.05,0.889635114795377,-1.33330651661052,-0.195630139465877,-1.13767637714464,-0.384761168748961,0.756073093357691,0.05,0.95,0.14
36,36,-0.7,3.75230487413709,-6.45644806015485,-3.28715213706631,-0.80630862796163,1.7564063498346,5.34430069679367,-10.3803757247138,9.32243625578911,0.566666666666667,127,173,0.423333333333333,0.421459816627739,0.307147179510875,0.05,0.898397335603309,-1.59355726771632,-0.0440359942198079,-1.54952127349652,-0.412182967740726,0.750460974827417,0.05,0.95,0.143333333333333
37,37,-0.700000000000001,3.85397824911985,-6.73533847712266,-3.57487880769543,-0.630377411325112,2.153528692834,5.46772498253805,-9.84886290886194,8.72483984064355,0.553333333333333,121,179,0.403333333333333,0.422322189491142,0.295190577936557,0.05,0.88612010266777,-1.51724004521371,-0.147563991782914,-1.36967605343079,-0.363245669596535,0.770795649823969,0.05,0.95,0.163333333333333
38,38,-0.700000000000001,4.04176472154663,-7.23803025323631,-3.71544511819597,-0.931959566002226,2.09062873312039,5.96372794867569,-10.4519082506856,8.53316984715463,0.57,116,184,0.386666666666667,0.414966039233216,0.290652918129551,0.05,0.902944529825823,-2.00565913912294,0.123132935534024,-2.12879207465696,-0.441392187856355,0.808352944309325,0.05,0.95,0.16
39,39,-0.699999999999999,3.82275999771758,-6.991249404403,-3.41014347725971,-0.76837656951956,1.77966141372704,5.73565153336433,-9.79517181834367,9.94064684003194,0.576666666666667,122,178,0.406666666666667,0.416013065189524,0.290347372745079,0.0532542296123083,0.891414770756805,-1.85771090264028,0.0934872478770488,-1.95119815051733,-0.388408753143006,0.764551999543515,0.05,0.95,0.15
40,40,-0.7,3.88775690426106,-7.54434208151332,-3.11312576919724,-0.727997492015584,1.98113159157151,5.88448006009845,-11.2116328795969,8.73243867586233,0.596666666666667,133,167,0.443333333333333,0.427030266252011,0.291031193912779,0.05,0.882649089472281,-1.67500737882111,0.076502882534175,-1.75151026135528,-0.398963617111658,0.777551380852212,0.05,0.95,0.173333333333333
41,41,-0.699999999999999,3.69181394921718,-6.76442754910916,-3.17737186757002,-0.760793055061111,1.67198699633712,5.56876010650175,-8.48783413954239,8.27159209132557,0.563333333333333,139,161,0.463333333333333,0.418428614437545,0.297650280185135,0.05,0.905311059545449,-1.93092790959819,0.362726580336329,-2.29365448993452,-0.359400152995151,0.738362789843435,0.05,0.95,0.156666666666667
42,42,-0.7,3.7718897550961,-6.65313313839591,-3.46067395286918,-0.607888785765954,1.82000008382516,5.15826626616201,-9.99712833111396,9.74385672297802,0.563333333333333,129,171,0.43,0.416027363805166,0.298804489377421,0.05,0.895749974849517,-1.99784766383129,0.279078062188521,-2.27692572601981,-0.393607968385105,0.75437795101922,0.05,0.95,0.163333333333333
43,43,-0.699999999999999,3.99150956968601,-7.12080635302411,-3.58404171637647,-0.402990774281269,2.28604043452552,5.39666617774497,-10.8119676089086,9.19528794233398,0.553333333333333,127,173,0.423333333333333,0.421927867205065,0.294111849558602,0.05,0.885674452878155,-1.97886602110928,0.238820720698721,-2.217686741808,-0.423359250397045,0.798301913937202,0.05,0.95,0.133333333333333
44,44,-0.699999999999999,3.87809204527741,-6.93511378031874,-3.50425896313603,-0.598571302223787,1.91835555291287,5.92511444460886,-9.43466982043328,10.3778623561064,0.56,122,178,0.406666666666667,0.41964725029106,0.295849987041761,0.05,0.89832125795348,-1.56470178762935,-0.107339224209096,-1.45736256342025,-0.354255469045243,0.775618409055482,0.05,0.948352263976837,0.13
45,45,-0.700000000000001,3.96435669458179,-7.29844965083572,-3.76717616536091,-0.755014518188804,2.31248965122404,5.70199922866873,-10.5871249758609,7.27435263523166,0.563333333333333,116,184,0.386666666666667,0.419673364013682,0.28929028867612,0.05,0.89665245668479,-1.58200934100459,-0.143950632844933,-1.43805870815966,-0.413213283777339,0.792871338916358,0.05,0.95,0.2
46,46,-0.700000000000001,4.15327525249841,-7.91240508964284,-3.72979776459027,-0.559400394546563,2.23043734638125,6.47090891227573,-10.7175995915111,8.91150671653391,0.546666666666667,124,176,0.413333333333333,0.423854836811766,0.290793451031356,0.05,0.871504162279442,-1.86791707583673,0.122850667066788,-1.99076774290352,-0.471681645257054,0.830655050499683,0.05,0.944795186358197,0.166666666666667
47,47,-0.699999999999999,3.78475366297879,-6.60174832729749,-3.57496944383613,-0.604509060586391,2.02340657835117,5.70778745750614,-10.188148636426,7.91389470673345,0.55,130,170,0.433333333333333,0.423365462376143,0.297492141553949,0.05,0.883095992858146,-1.52975181682595,-0.0654839047801534,-1.4642679120458,-0.336922445234203,0.756950732595758,0.05,0.948977262596891,0.15
48,48,-0.700000000000001,4.03638026706119,-6.75908175367224,-3.72492536645978,-0.905512752471648,2.4006841984761,6.05823737893747,-9.77117586568454,8.42460585503403,0.586666666666667,122,178,0.406666666666667,0.421562787257525,0.290334223564913,0.05,0.877154845203072,-1.9619109425102,0.164905252731708,-2.12681619524191,-0.376607468699742,0.807276053412239,0.05,0.95,0.14
49,49,-0.7,3.906260475376,-7.30855888619238,-3.44858025200265,-0.516730988278298,1.76272608073256,5.66761976910026,-10.8580439561914,9.13575716940396,0.553333333333333,114,186,0.38,0.419034548138045,0.294519779268102,0.05,0.904979176111798,-1.88360418752148,0.0254348246099389,-1.90903901213142,-0.424378496759597,0.7812520950752,0.05,0.95,0.15
50,50,-0.7,3.95167092449819,-6.61067712031043,-3.88594051739413,-0.994443749082176,2.34530683318897,5.60810968774654,-10.3136458781771,9.25032893108448,0.556666666666667,127,173,0.423333333333333,0.419949196475096,0.298895795368892,0.05,0.892076256771378,-2.21895633650768,0.415071992696388,-2.63402832920407,-0.407391243023735,0.790334184899637,0.05,0.95,0.136666666666667
51,51,-0.7,3.70867192743592,-6.92207385384386,-3.36557881810985,-0.449224060078408,1.94883712156084,5.24486650055895,-10.6940218720815,7.88076916779216,0.543333333333333,133,167,0.443333333333333,0.424806846617823,0.29215605873268,0.05,0.886399401312815,-1.43496956056931,-0.114664960744199,-1.32030459982511,-0.35460622680811,0.741734385487183,0.05,0.948587284002696,0.16
52,52,-0.700000000000001,3.7085410147058,-6.74184974763188,-3.53636574918513,-0.622116547669407,2.09714932151645,5.44168504099009,-9.87685705831662,7.32562661638741,0.58,131,169,0.436666666666667,0.423956160414985,0.298700958246892,0.05,0.885789805617447,-1.56706165940405,-0.0278989504027768,-1.53916270900128,-0.314282560687682,0.74170820294116,0.05,0.923331061079466,0.113333333333333
53,53,-0.699999999999999,4.07291418644552,-7.10762589222036,-3.7660392351437,-0.921822763853793,2.35735862424905,5.90304782157817,-11.0906863275722,10.0218321370091,0.573333333333333,134,166,0.446666666666667,0.42353770154201,0.290191371105127,0.05,0.856569602256329,-2.08037059755363,0.41427506067582,-2.49464565822945,-0.427766232030319,0.814582837289103,0.05,0.940009364206584,0.14
54,54,-0.7,3.91283093620319,-7.24725029013561,-3.30117485719303,-0.812028278960591,1.7461924094208,5.97554119252985,-10.0047070754739,8.44897099138167,0.6,122,178,0.406666666666667,0.42012513955154,0.301894505129775,0.05,0.901363477636047,-1.67013248034744,-0.0350777381888316,-1.63505474215861,-0.395723872654973,0.782566187240639,0.05,0.95,0.153333333333333
55,55,-0.7,4.04041234766629,-7.2027233044371,-3.45384032185471,-0.821477807664033,1.89537942689565,5.98643357305786,-9.98891124858189,10.3165469094469,0.566666666666667,123,177,0.41,0.419542387034582,0.289001024064411,0.05,0.887471578013584,-1.94419193280266,0.16460795330354,-2.1087998861062,-0.429514052271716,0.808082469533257,0.05,0.941144100710468,0.163333333333333
56,56,-0.7,3.77035478463493,-6.68406644481391,-3.34395595145851,-0.778021887612227,2.04851369015979,5.59331086602436,-11.4777487668754,7.81018741209215,0.56,131,169,0.436666666666667,0.422257202335784,0.296819596195774,0.0516625200628961,0.876920848649336,-1.78108920666411,0.138004059603544,-1.91909326626766,-0.354235673517495,0.754070956926987,0.05,0.937795575941961,0.13
57,57,-0.700000000000001,3.90374717752402,-7.23992525523565,-3.77971474067323,-0.407687794123806,2.09298537521669,5.51296161427333,-10.7454258276961,8.73645012630042,0.536666666666667,116,184,0.386666666666667,0.430699240062329,0.299446692154655,0.05,0.8896187473795,-1.75683261394565,-0.0337359607733942,-1.72309665317226,-0.36513471626875,0.780749435504804,0.05,0.948066853185028,0.116666666666667
58,58,-0.7,3.92162790735876,-7.1679425139844,-3.39716350269282,-0.546497053418981,2.01412300125677,5.65853002384986,-10.5595970988543,8.45519668310951,0.57,114,186,0.38,0.422334932899173,0.285781425419442,0.05,0.881252878540319,-1.21563676388723,-0.383964564069115,-0.831672199818118,-0.406636174921087,0.784325581471752,0.05,0.95,0.183333333333333
59,59,-0.699999999999999,3.76920119734279,-6.7146153696289,-3.47725620046577,-0.572831853526184,2.15898930729415,5.25024229978732,-10.9710899193127,8.22596491585837,0.563333333333333,128,172,0.426666666666667,0.426132455867715,0.299594856127269,0.05,0.899267754435862,-1.26561926070778,-0.279074038543044,-0.986545222164739,-0.354917655635324,0.753840239468559,0.05,0.948012384042215,0.13
60,60,-0.699999999999999,3.80385399870994,-6.74087795295517,-3.24193646461468,-0.74188643289401,1.89739374159012,5.55408042114854,-10.3549858204443,9.96637667653584,0.566666666666667,132,168,0.44,0.429041048185653,0.283911779885715,0.05,0.869306051542877,-1.81283959037474,0.17437396386587,-1.98721355424061,-0.389538890300823,0.760770799741987,0.05,0.95,0.193333333333333
61,61,-0.7,3.97334415307472,-7.18797059446542,-3.40479742949328,-0.620926759590511,2.09850862286116,5.9608937869568,-10.6552949571056,9.06203795453595,0.59,130,170,0.433333333333333,0.422631870956086,0.300396410145082,0.05,0.900491510673837,-2.07716641112808,0.353127255568532,-2.43029366669661,-0.432093497411554,0.794668830614943,0.05,0.94363996358673,0.14
62,62,-0.7,3.94084161215966,-7.01749442118123,-3.7355036035551,-0.62202845841403,2.13088861754439,5.65369464464985,-10.3287513729378,9.00574660453221,0.54,141,159,0.47,0.423747006504504,0.287614307907527,0.05,0.866582449068703,-1.55526787787873,0.0584450992509457,-1.61371297712967,-0.427694855135241,0.788168322431931,0.05,0.921168739974195,0.13
63,63,-0.700000000000001,3.54876381235279,-6.08077109413465,-3.24969968037604,-0.589098002664013,1.67772464899689,5.14014089174657,-9.87112082875001,8.16115691131253,0.556666666666667,130,170,0.433333333333333,0.426007805828485,0.300831960108138,0.05,0.885379916806184,-1.54547456161426,-0.0534606293538035,-1.49201393226045,-0.295594943329803,0.709752762470557,0.05,0.944156061650005,0.123333333333333
64,64,-0.700000000000001,4.16769683593553,-7.45678287723475,-3.77836116027456,-0.887750148573369,2.07920710493432,6.43933643624204,-11.7096983162213,8.54560112965137,0.543333333333333,137,163,0.456666666666667,0.418509067115296,0.29393110957209,0.05,0.89388969576638,-1.59126144367657,0.0490970416177308,-1.6403584852943,-0.440512883548739,0.833539367187105,0.05,0.95,0.16
65,65,-0.7,4.11448818657781,-7.6446719998877,-3.68891285795892,-0.727262519748532,2.02980291700536,6.49704496499191,-10.5497798553651,8.61499149782188,0.556666666666667,118,182,0.393333333333333,0.418710054659347,0.294362073411192,0.05,0.876206159548986,-2.00476932885319,0.145949345080642,-2.15071867393384,-0.40818042471215,0.822897637315561,0.05,0.942407492340765,0.106666666666667
66,66,-0.700000000000001,3.90733485608884,-7.12617128164342,-3.49850613006912,-0.592381024108643,1.97813508083912,5.60577400439539,-11.0562725099596,9.14035091457774,0.573333333333333,124,176,0.413333333333333,0.427964615253314,0.283039658425949,0.05,0.862968594214066,-1.9973781381347,0.214061870049446,-2.21144000818415,-0.368711091892344,0.781466971217769,0.05,0.935427051525058,0.186666666666667
67,67,-0.700000000000001,3.74229817638599,-6.73062060463121,-3.48135264557232,-0.825223679368885,2.05588986104408,5.31913538242938,-9.4738216246637,10.7169703650327,0.576666666666667,133,167,0.443333333333333,0.422803051599676,0.290468434969779,0.05,0.902084302891714,-1.5946904584676,0.0125379100370707,-1.60722836850467,-0.36361112958153,0.748459635277198,0.05,0.95,0.19
68,68,-0.7,3.85076952323555,-7.19730779874797,-3.43976374621825,-0.690228876663369,2.22350219487716,5.8049386318646,-9.87769720893379,8.20151386590288,0.583333333333333,129,171,0.43,0.427812019755833,0.29499905290971,0.05,0.887271660847555,-1.83047880134224,0.152817341363446,-1.98329614270569,-0.386290128085474,0.77015390464711,0.05,0.95,0.16
69,69,-0.699999999999999,3.88703642611413,-6.73858101036375,-3.54279461445453,-0.566602541905478,2.44811673003361,5.21897788402211,-10.649633537319,8.92825092850394,0.566666666666667,122,178,0.406666666666667,0.411927320945692,0.294176996014609,0.0524849778583606,0.919174688042027,-1.97157987970981,0.171532277104475,-2.14311215681428,-0.411785044748363,0.777407285222826,0.05,0.95,0.143333333333333
70,70,-0.700000000000001,3.74779009530427,-6.83656951781299,-3.27551793883065,-0.724435997611146,1.81775907944356,5.20787221248874,-9.51498245418646,9.22068214562224,0.573333333333333,123,177,0.41,0.423625565851274,0.279777410870288,0.05,0.862914696498873,-1.25688946000989,-0.313009019315163,-0.943880440694727,-0.367925346039222,0.749558019060855,0.05,0.95,0.193333333333333
71,71,-0.7,3.89391911662123,-7.0910368709356,-3.4450446424679,-0.450261663371828,2.32630309069336,5.20895774174887,-10.6402308266673,8.36970495484309,0.566666666666667,124,176,0.413333333333333,0.422596577267023,0.280997704053352,0.05,0.874712409827042,-1.3714489942818,-0.22693366311964,-1.14451533116216,-0.377472603432751,0.778783823324245,0.05,0.95,0.173333333333333
72,72,-0.7,3.8277100580945,-6.86667905504107,-3.59541472737724,-0.869171896525323,2.12314816775921,5.28501452036276,-9.55050528937388,9.46787742638873,0.573333333333333,129,171,0.43,0.424464132740906,0.290869757762394,0.05,0.89369084179618,-1.56413745710944,-0.0481068306016506,-1.51603062650779,-0.345145475452443,0.7655420116189,0.05,0.95,0.176666666666667
73,73,-0.700000000000001,4.12791252581459,-7.42275249573733,-3.65231888019946,-0.458169247408244,1.95599047850769,6.19976609091953,-10.8482370956008,9.92256164163122,0.533333333333333,133,167,0.443333333333333,0.420113494685681,0.298578149695787,0.0533778315368964,0.881130401776196,-2.13191123735131,0.440384398609129,-2.57229563596044,-0.413710060729916,0.825582505162919,0.05,0.949018223499258,0.136666666666667
74,74,-0.700000000000001,3.8148506790917,-6.91199938293387,-3.47285670601852,-0.68684529088118,1.83773546789913,5.7116820888497,-10.2050785959234,7.56970333125766,0.573333333333333,141,159,0.47,0.419360673168279,0.300057179435611,0.05,0.891716657059333,-1.50140160553407,0.010676895473611,-1.51207850100769,-0.392394381205923,0.762970135818339,0.05,0.95,0.143333333333333
75,75,-0.7,3.92067520047551,-7.59627648676669,-3.1516668774256,-0.524689677786714,2.03689256164978,5.56872197263438,-10.7177627193026,8.84330988008895,0.563333333333333,121,179,0.403333333333333,0.42063582886114,0.296168861537812,0.05,0.885442008150943,-2.31727898492835,0.393244453499051,-2.7105234384274,-0.429913306241224,0.784135040095103,0.05,0.95,0.15
76,76,-0.700000000000001,3.70458633339025,-6.95502214534271,-3.11832490204384,-0.782375482936902,1.94931151836923,5.52997850312022,-9.79489432361313,9.46963676037165,0.58,121,179,0.403333333333333,0.427874601120192,0.291656732473408,0.05,0.893843796185994,-1.63532303370062,-0.0677425302917646,-1.56758050340885,-0.370842154004923,0.74091726667805,0.05,0.95,0.173333333333333
77,77,-0.700000000000001,3.94691185851,-6.92464892720249,-3.48656364015396,-0.830397150281253,2.14100582912974,6.1336545626186,-10.6813593625277,9.2638902399515,0.6,120,180,0.4,0.422851002094408,0.290449168975389,0.05,0.87387883112873,-1.63095235029861,-0.079365099800927,-1.55158725049768,-0.393214252854979,0.789382371702,0.05,0.95,0.146666666666667
78,78,-0.7,3.70041949086008,-7.14735749884233,-3.44344695089386,-0.500988643138922,1.80066265936248,5.2891901273342,-9.47695684032252,8.13774390422093,0.55,144,156,0.48,0.419354485818471,0.291291857883398,0.05,0.900913752491579,-1.12597209155225,-0.306794992413308,-0.819177099138943,-0.315767855309823,0.740083898172016,0.05,0.95,0.18
79,79,-0.699999999999999,4.11085272055259,-6.71664780000418,-3.61551840041846,-1.12023057477156,2.04526227179785,6.66630173085174,-10.1839937008275,10.5275958890456,0.613333333333333,135,165,0.45,0.426544441819345,0.290841451859755,0.05,0.881538942453639,-1.89314644168951,0.27621072501869,-2.1693571667082,-0.432320146808341,0.822170544110517,0.05,0.95,0.14
80,80,-0.7,4.05213158142891,-7.40252628538383,-3.37138403467585,-0.858581055340258,2.38897227111088,5.70007162475951,-12.2081153036238,8.65507646962443,0.57,128,172,0.426666666666667,0.421791121448411,0.281948639299411,0.05,0.884505260632619,-2.166987192122,0.391711398788468,-2.55869859091047,-0.394079762906552,0.810426316285782,0.05,0.95,0.18
81,81,-0.7,4.0244696930704,-7.46889139834552,-3.69768463651511,-0.666488718628256,2.3317727916302,5.93484604667843,-9.49881868216344,11.0682606081998,0.563333333333333,126,174,0.42,0.426422192698811,0.288402832553043,0.05,0.878718242014798,-1.96249359980337,0.214219503305886,-2.17671310310925,-0.45111600485741,0.80489393861408,0.05,0.947489021944338,0.17
82,82,-0.700000000000001,3.68771359970969,-7.04032808255849,-3.10634438367003,-0.874338824422756,2.0168469136146,5.0761464482217,-9.57412263789079,7.93372318119143,0.59,121,179,0.403333333333333,0.423410265814734,0.29950971731835,0.05,0.899240320511843,-1.83903316032492,0.0699609631246674,-1.90899412344959,-0.346351184013662,0.737542719941937,0.05,0.95,0.136666666666667
83,83,-0.700000000000001,3.93003918107695,-7.01687587101628,-3.34066191483334,-0.800438353615158,1.81314917739554,5.71862647751002,-11.0565370347596,10.1059233936399,0.583333333333333,126,174,0.42,0.42211425469444,0.296241642515086,0.05,0.891207674281468,-1.98088255785243,0.227535645341411,-2.20841820319384,-0.395870557443537,0.786007836215391,0.05,0.95,0.163333333333333
84,84,-0.699999999999999,3.63824559929844,-6.6628003175554,-3.36770190636584,-0.704323329257509,2.00545693931589,5.06232072124025,-8.92638722487531,8.26411109077038,0.56,129,171,0.43,0.419055494981523,0.28737726814148,0.05,0.908694409232482,-1.57652721517689,-0.0387601710069061,-1.53776704416998,-0.340958172772553,0.727649119859687,0.05,0.95,0.143333333333333
85,85,-0.700000000000001,3.91182009023052,-7.12803145311251,-3.48773058538542,-0.899651868220188,2.29410055358656,5.30702356065871,-11.2742725312547,8.5156535165932,0.566666666666667,124,176,0.413333333333333,0.416019244968561,0.295263564670051,0.05,0.891799047673919,-1.7496863591295,0.0395517530230522,-1.78923811215255,-0.429306447021526,0.782364018046103,0.05,0.95,0.136666666666667
86,86,-0.699999999999999,3.73941641419828,-7.06281330360521,-3.69067154643632,-0.671494023325683,2.47346481058305,4.98382275888922,-9.75147278876304,8.20404273073059,0.573333333333333,128,172,0.426666666666667,0.423773889283066,0.293889786719143,0.05,0.906023074202006,-1.50717452730303,-0.0993119796814672,-1.40786254762156,-0.352051193679566,0.747883282839656,0.05,0.95,0.136666666666667
87,87,-0.700000000000001,3.91041193833822,-7.62778441532309,-3.62015445026421,-0.576364863442518,1.75054528649412,6.12575727309101,-9.1854973091685,8.60792634398106,0.55,128,172,0.426666666666667,0.420379602866483,0.292197024012934,0.05,0.887574490440528,-1.56852478276569,-0.0536559756162307,-1.51486880714946,-0.360938189878421,0.782082387667644,0.05,0.95,0.106666666666667
88,88,-0.700000000000001,3.93993434869606,-6.91246804082064,-3.44818554066347,-0.801975583253795,1.75279114475854,5.90801059276381,-11.2836708893742,8.86220181465499,0.596666666666667,125,175,0.416666666666667,0.416629084177182,0.289668077288886,0.0523823638871699,0.893314795712732,-2.1689057180384,0.349218370027426,-2.51812408806582,-0.405051429049037,0.787986869739212,0.05,0.95,0.163333333333333
89,89,-0.7,3.8892052221701,-6.82268534719243,-3.4288954040581,-0.911293878198354,1.74478609422968,6.27466186059705,-9.38091940932371,9.0098876802361,0.6,130,170,0.433333333333333,0.424652428800575,0.290726679193269,0.05,0.86567236223413,-1.89038729556036,0.210296167193213,-2.10068346275357,-0.419589361952305,0.777841044434019,0.05,0.95,0.186666666666667
90,90,-0.7,4.03622306012478,-7.4481178567136,-3.42355679395192,-0.569513783801282,1.94782057554294,5.72967968847411,-11.9918883556084,10.0584007067615,0.556666666666667,122,178,0.406666666666667,0.421619413209755,0.287026550230632,0.05,0.881955753295998,-1.99515947239233,0.187693570965531,-2.18285304335787,-0.422577380397794,0.807244612024957,0.05,0.95,0.186666666666667
91,91,-0.7,3.92037538166028,-7.73656941631392,-3.23279359924679,-0.592963038615251,2.20599541433585,5.65556349133754,-11.2870972977649,8.9161624381788,0.573333333333333,125,175,0.416666666666667,0.421203632315187,0.291481475840987,0.05,0.882180809798608,-1.41014484746672,-0.192753680380916,-1.2173911670858,-0.341181551328886,0.784075076332057,0.05,0.949611142383149,0.16
92,92,-0.700000000000001,3.90354674464573,-7.25863356650281,-3.40426852250463,-0.750359142467075,2.11416815142255,5.4230851685778,-10.0832596098615,10.5585480632478,0.573333333333333,124,176,0.413333333333333,0.420065811953137,0.292325521331005,0.05,0.877977400549587,-1.96933465099912,0.194303958658466,-2.16363860965758,-0.441140179075371,0.780709348929146,0.05,0.95,0.146666666666667
93,93,-0.699999999999999,3.98586831073153,-6.90935559015699,-3.80821710737782,-0.588095392397414,2.30123519533731,5.41397998307756,-10.6971275629621,9.98295309424308,0.546666666666667,133,167,0.443333333333333,0.420844216188455,0.292071572225955,0.05,0.886784856998349,-1.99928488967993,0.334759822319949,-2.33404471199988,-0.473923160010938,0.797173662146306,0.05,0.95,0.15
94,94,-0.700000000000001,3.72954152769234,-7.01529673774833,-3.20437609653726,-0.737515904354176,1.85801764509413,5.34850958704708,-10.0418826649612,8.93161667368316,0.56,123,177,0.41,0.428085724216881,0.29687675092628,0.05,0.877491846814082,-1.92193905702492,0.149144090474945,-2.07108314749987,-0.361258143542433,0.745908305538468,0.05,0.95,0.16
95,95,-0.699999999999999,3.97333290604386,-7.35839969768754,-3.65151580650483,-0.676911362463596,2.15110021089488,5.62581045241421,-11.6573554405282,9.44085668687132,0.55,131,169,0.436666666666667,0.416673528463642,0.296646116568692,0.05,0.907829679991351,-1.66713743406778,0.0496745790702919,-1.71681201313807,-0.45058873797209,0.794666581208771,0.05,0.95,0.156666666666667
96,96,-0.700000000000001,3.83332567535343,-6.77832963927258,-3.31824322931674,-1.03568443091156,2.13078447231493,5.93916617493282,-8.97106486424233,10.1066422524384,0.59,124,176,0.413333333333333,0.422997006912234,0.302524235897227,0.05,0.8957853902018,-1.71661102691043,0.0162486780505295,-1.73285970496096,-0.366109975527665,0.766665135070686,0.05,0.946074687069811,0.14
97,97,-0.700000000000001,3.88380681143409,-7.0286004055648,-3.60307742727481,-0.467040882847415,1.94384665821512,5.86880872268356,-10.5668980454251,8.99743253991884,0.553333333333333,128,172,0.426666666666667,0.42304971312203,0.296688008756116,0.05,0.897106495613783,-1.56684563304867,-0.0549055754056426,-1.51194005764303,-0.393180883120138,0.776761362286819,0.05,0.95,0.16
98,98,-0.699999999999999,4.0257029522347,-7.02708842468821,-3.34934302545494,-0.881291356676802,1.80250608887129,6.27631614874971,-10.3975007586108,10.1072234671988,0.566666666666667,141,159,0.47,0.420045108743635,0.297630562434399,0.05,0.895273579736831,-1.23775743235704,-0.223120767532436,-1.0146366648246,-0.416989202555907,0.805140590446939,0.05,0.95,0.176666666666667
99,99,-0.7,4.09114787272212,-7.23429629511801,-3.93115796021213,-0.796312763772756,2.48450746419577,5.80160711344542,-10.0048376204667,9.15098876291107,0.553333333333333,131,169,0.436666666666667,0.416146496457233,0.294289267615807,0.05,0.895389063341973,-1.97595636746277,0.28905493572558,-2.26501130318835,-0.425666560396667,0.818229574544424,0.05,0.945339783561547,0.146666666666667
100,100,-0.700000000000001,3.80453571108551,-6.85423860201998,-3.08451496243163,-0.714327357273065,2.14129555542085,5.12109341323485,-11.127879270833,10.0678060213681,0.576666666666667,126,174,0.42,0.423683827126821,0.29013707750561,0.05,0.87904654346499,-1.40326628637187,-0.190738206420369,-1.21252807995151,-0.419410127422077,0.760907142217102,0.05,0.95,0.16
101,101,-0.699999999999999,3.79390223265127,-6.31388178481213,-3.68926692504283,-0.757199138115597,1.95807505519823,5.55659470382344,-10.9172148076057,9.53459643133355,0.556666666666667,132,168,0.44,0.41984085806234,0.301592695989395,0.05,0.903559290985954,-1.92806350022368,0.264907035890038,-2.19297053611372,-0.419876288357389,0.758780446530254,0.05,0.95,0.126666666666667
102,102,-0.699999999999999,4.03071355043286,-7.52285214786728,-3.81477535841599,-0.395306563253239,2.20700698862224,5.91200861277349,-9.57154550797916,10.1250632036124,0.533333333333333,121,179,0.403333333333333,0.418868114351329,0.286234213877738,0.05,0.882410901720233,-1.79619928086367,0.0410062177905301,-1.83720549865421,-0.392358417499563,0.806142710086572,0.05,0.947406935686936,0.166666666666667
103,103,-0.7,3.74809144383695,-6.95432274921481,-3.32876326976508,-0.451055049631022,1.7174268013987,5.19443543929556,-11.3509926019299,8.48553148191232,0.556666666666667,140,160,0.466666666666667,0.423249246279158,0.297092119876976,0.05,0.889941738972678,-1.70103180415045,0.175902828631647,-1.8769346327821,-0.3460744138408,0.74961828876739,0.05,0.949334221688244,0.13
104,104,-0.699999999999999,3.89121562191237,-7.11397243025834,-3.25016099166531,-0.722447892545033,1.95273693191573,5.89133764708895,-11.9938189478529,8.82457899583418,0.563333333333333,129,171,0.43,0.418066864849723,0.293472126826204,0.05,0.901878026596285,-1.45450627449319,-0.130811056084086,-1.3236952184091,-0.387573548681873,0.778243124382473,0.05,0.95,0.173333333333333
105,105,-0.7,3.53110768438879,-5.74469019749046,-3.28666471322675,-0.651472651393145,2.11890911590957,5.23469041559862,-9.96747042893985,9.00665633078025,0.566666666666667,132,168,0.44,0.424450042907438,0.300616815139271,0.05,0.89663687515605,-1.5253635141785,-0.0515000960026049,-1.4738634181759,-0.345352085544831,0.706221536877758,0.05,0.95,0.126666666666667
106,106,-0.7,3.90322270580779,-7.24923852118444,-3.484062516618,-0.530727265095838,1.94760631002686,5.56793278102619,-11.006862418087,8.38417895152173,0.563333333333333,125,175,0.416666666666667,0.421673424425468,0.291223100980856,0.05,0.876222363125807,-1.83986756847226,0.114191120337327,-1.95405868880959,-0.418826565223451,0.780644541161557,0.05,0.95,0.136666666666667
107,107,-0.700000000000001,4.07615229425731,-7.22397253650252,-3.62193229396156,-0.857710265162948,2.39467273733252,5.6836555738178,-10.048492614659,10.1897844731876,0.583333333333333,124,176,0.413333333333333,0.418086611410899,0.29773118787703,0.05,0.904053556952949,-1.5134037796474,-0.126920064339332,-1.38648371530807,-0.406481969924371,0.815230458851463,0.05,0.95,0.13
108,108,-0.699999999999999,4.05075369415776,-7.75774564346273,-3.46016528009639,-0.660283577194608,2.25549208544194,5.69679245830768,-10.9633841193066,9.43099128491203,0.546666666666667,128,172,0.426666666666667,0.421967494316301,0.285062118617221,0.05,0.870789565296874,-2.13260263162455,0.366122888650828,-2.49872552027538,-0.460728864226812,0.810150738831552,0.05,0.95,0.176666666666667
109,109,-0.699999999999999,3.96390752650469,-7.08642687727218,-3.44988459646919,-0.786522518380545,1.93986951140074,6.33515120594597,-10.423730211421,9.47316602754269,0.59,132,168,0.44,0.424769277724016,0.29199478817842,0.05,0.884389785632081,-1.84535090672961,0.199918569573263,-2.04526947630287,-0.385359192597246,0.792781505300937,0.05,0.936946840482473,0.146666666666667
110,110,-0.700000000000001,3.6953457232928,-6.68498909802944,-3.31737806669186,-0.775979720829368,1.69170504757026,6.06332092001712,-9.11796164246865,8.31997433411294,0.593333333333333,119,181,0.396666666666667,0.419971996811297,0.293512815673238,0.05,0.89917165402956,-1.2944383333393,-0.309181427252065,-0.985256906087234,-0.298522099154542,0.73906914465856,0.05,0.95,0.156666666666667
111,111,-0.7,3.75218303773727,-6.97626949113548,-3.411910416624,-0.609045378975026,1.75485046593822,5.25364893359373,-11.5491347373986,8.93327935235294,0.583333333333333,127,173,0.423333333333333,0.422826341491343,0.294199175553325,0.05,0.877627127620314,-1.84906400635415,0.143532536456514,-1.99259654281066,-0.381991905313766,0.750436607547453,0.05,0.95,0.146666666666667
112,112,-0.7,3.7998860013331,-7.22662335917013,-3.41133743234908,-0.737062199510198,1.97867805654434,5.53342939766133,-10.7140772638801,8.69991142410982,0.596666666666667,115,185,0.383333333333333,0.421108368714305,0.289283422588776,0.0508255382480579,0.873089644961043,-1.89085400651685,0.0402605986456115,-1.93111460516246,-0.372267062273572,0.759977200266621,0.05,0.95,0.136666666666667
113,113,-0.700000000000001,4.03747689182383,-6.96097185655916,-3.73171686074406,-0.962079525396425,2.39121100375937,5.77018361756067,-11.2995341209998,8.80525994149198,0.566666666666667,136,164,0.453333333333333,0.424644562944298,0.286238568269431,0.05,0.880195210186833,-1.71754068104721,0.14381422330744,-1.86135490435465,-0.408126215842806,0.807495378364765,0.05,0.941696590580353,0.173333333333333
114,114,-0.699999999999999,3.98012416120702,-7.23517137394578,-3.50677979754705,-0.64288959734794,2.29665269260408,5.64336769972512,-10.4328151812411,7.91246823986223,0.573333333333333,127,173,0.423333333333333,0.417321469331607,0.29419997682073,0.05,0.897872527958546,-2.16756707337186,0.377346926694949,-2.54491400006681,-0.436854905141224,0.796024832241404,0.05,0.948472343576453,0.13
115,115,-0.700000000000001,3.73553704592383,-6.79840007430887,-3.42132195978216,-0.647784633349712,2.09013017719117,5.11280516828779,-9.73845525822988,9.54233615510034,0.563333333333333,119,181,0.396666666666667,0.421545844388316,0.29046323058092,0.05,0.895630313648258,-1.28603331463687,-0.314707378774657,-0.97132593586221,-0.306192730465115,0.747107409184766,0.05,0.95,0.2
116,116,-0.700000000000001,4.03495982076671,-7.12414546486915,-3.78969743287108,-0.792394374545403,2.49668012410482,5.68616016536746,-9.42122432568458,9.45344293381392,0.563333333333333,120,180,0.4,0.424949126553724,0.296836626753484,0.05,0.892301538977094,-1.69720227314649,-0.0351984845690099,-1.66200378857748,-0.390163350320904,0.806991964153342,0.05,0.95,0.17
117,117,-0.7,3.89707749336699,-6.40961542599237,-3.94085262048714,-0.687511176540742,2.05531781654656,5.90702242490918,-9.85399357714953,8.88764723392972,0.593333333333333,132,168,0.44,0.422386749582517,0.289844139447929,0.05,0.876588873073593,-1.8088276084956,0.171221692389401,-1.980049300885,-0.401794154848809,0.779415498673398,0.05,0.935830910561245,0.143333333333333
118,118,-0.7,3.97977889988102,-7.34928807611963,-3.46378533256188,-0.728257898941221,2.15336718389308,5.92724157995451,-10.1049172747381,9.41982761944446,0.543333333333333,122,178,0.406666666666667,0.42196808173775,0.292237267232744,0.05,0.888932155737782,-1.81573761345809,0.0647190384375676,-1.88045665189566,-0.365488181121259,0.795955779976205,0.05,0.95,0.173333333333333
119,119,-0.7,3.92125034475192,-6.88685842632471,-3.53728382102505,-0.726074335699852,2.08752018808715,5.80031317965478,-11.9038250411531,9.14497657777529,0.583333333333333,107,193,0.356666666666667,0.426417690900371,0.295897374611135,0.05,0.877961966270153,-2.08645394732492,0.0686558153563052,-2.15510976268123,-0.381738105583106,0.784250068950384,0.05,0.933522503293639,0.123333333333333
120,120,-0.699999999999999,3.99910015220781,-7.38524580286834,-3.64494734649396,-0.917029291890168,2.25758581720416,5.87638609810088,-10.3405016918056,8.92524482882507,0.57,116,184,0.386666666666667,0.42037496679783,0.296675140768783,0.05,0.898130411303255,-2.00011611964703,0.11963842325574,-2.11975454290277,-0.394078069384365,0.799820030441562,0.05,0.95,0.113333333333333
121,121,-0.700000000000001,3.84082766412494,-6.3741056847943,-3.51282637578363,-1.01145240422154,1.99419634010098,5.91431757824759,-10.2402612332809,9.51543265353562,0.59,128,172,0.426666666666667,0.42357767147915,0.291879963936398,0.05,0.883499874670814,-1.61765535581748,-0.0170936886939679,-1.60056166712351,-0.37351917075627,0.768165532824989,0.05,0.95,0.173333333333333
122,122,-0.7,3.85026693672782,-7.00892303741191,-3.36274506753857,-0.696811922370639,2.02417984396329,5.75852293087345,-10.2853548583724,8.28205627414546,0.576666666666667,125,175,0.416666666666667,0.423772569759728,0.289857806818717,0.05,0.871468007565636,-1.405006438705,-0.196423972353568,-1.20858246635144,-0.32658168989519,0.770053387345564,0.05,0.941638517630475,0.143333333333333
123,123,-0.699999999999999,3.62463224737795,-7.09083976366583,-3.23844486327142,-0.531670435053658,1.87395769369823,4.93302722995717,-9.71598907878802,6.71083769603881,0.556666666666667,135,165,0.45,0.423923227674116,0.296619284174357,0.05,0.888245401366275,-1.59840406402893,0.035057870569125,-1.63346193459805,-0.370763419820002,0.724926449475589,0.05,0.95,0.126666666666667
124,124,-0.7,4.07946644054289,-7.03550467581379,-3.92760491655301,-0.816717386499481,2.61001145685189,5.75432911204506,-11.0421509586153,9.05616322866682,0.55,134,166,0.446666666666667,0.415765965546802,0.294107574733644,0.0583726584694731,0.900125980679044,-2.18585366574487,0.499424043432605,-2.68527770917747,-0.469607360154464,0.815893288108578,0.05,0.95,0.153333333333333
125,125,-0.699999999999999,3.88574039588021,-7.17606618228258,-3.63420353170762,-0.827201015535727,2.14192690758356,5.70771149419679,-8.83157925946118,9.06472205334558,0.556666666666667,125,175,0.416666666666667,0.419947965777864,0.295778932515778,0.05,0.899293638949595,-2.07706675676288,0.283619111973488,-2.36068586873637,-0.353661601457243,0.777148079176043,0.05,0.95,0.163333333333333
126,126,-0.700000000000001,3.8693864006673,-7.07173236884224,-3.55452533531984,-0.58038515231062,2.06671051164712,5.06920033190951,-11.1438340475963,8.46395101131795,0.566666666666667,129,171,0.43,0.417527605109181,0.293184765206198,0.05,0.89858731047688,-1.70079363205831,0.054984669798374,-1.75577830185668,-0.441386536723651,0.77387728013346,0.05,0.95,0.14
127,127,-0.700000000000001,3.83917268011583,-7.34788730440408,-3.40359955279864,-0.683206511644629,1.89074971237886,5.86829700617168,-10.7907893554873,8.396700785176,0.55,130,170,0.433333333333333,0.418073613879928,0.294714647798912,0.0507601439410565,0.891616459642703,-1.70992574345544,0.0722961567600394,-1.78222190021548,-0.382581368317236,0.767834536023165,0.05,0.946035187187844,0.136666666666667
128,128,-0.700000000000001,3.88486442868075,-7.21839444751281,-3.39276102859811,-0.723811949437799,1.85516595528918,6.04228555127983,-10.1984523850708,9.41819142075902,0.583333333333333,132,168,0.44,0.420112281059235,0.296531595555637,0.0530660400295515,0.880779744347724,-1.58315859946939,-0.00608967184548172,-1.57706892762391,-0.415410117871743,0.77697288573615,0.05,0.95,0.156666666666667
129,129,-0.7,3.95381984783433,-7.41453711211179,-3.60464317403103,-0.573983129938235,2.19167326157645,6.03400757908549,-10.1066789479177,9.12842211349951,0.566666666666667,130,170,0.433333333333333,0.424313820621508,0.302054203341419,0.05,0.898179306610812,-1.52667754778164,-0.0678348164022765,-1.45884273137936,-0.369951030445984,0.790763969566866,0.05,0.942639659072837,0.133333333333333
130,130,-0.7,3.96933145736059,-7.42404600974877,-3.47043552053501,-0.76199332467356,1.98754784116714,5.95833882757672,-11.7588967274688,9.86814083339335,0.556666666666667,130,170,0.433333333333333,0.421160834400192,0.294059207592137,0.05,0.890033929587257,-1.85413708567509,0.182575418457424,-2.03671250413252,-0.416121062891689,0.793866291472118,0.05,0.95,0.15
131,131,-0.7,3.85460611089049,-6.67744433090791,-3.71218682338433,-0.961288790706261,2.48483405587184,5.55599654224162,-10.4984769324228,8.92669469033576,0.57,124,176,0.413333333333333,0.420054734057361,0.291130216980911,0.05,0.895527582508785,-1.67679439344886,-0.0118039500701227,-1.66499044337874,-0.361394493124906,0.770921222178097,0.05,0.95,0.183333333333333
132,132,-0.7,3.90960879606585,-6.98620649671928,-3.65176367759775,-1.01582860841655,2.14736696470983,5.87403027154626,-9.50653812822212,9.80622860765127,0.573333333333333,127,173,0.423333333333333,0.419291381990029,0.298018514208677,0.05,0.888702391784328,-1.76068608914748,0.0786539498365884,-1.83934003898407,-0.402136022387372,0.781921759213171,0.05,0.95,0.136666666666667
133,133,-0.7,3.78475806675864,-6.63435293360359,-3.52848468178705,-0.610756990476508,2.3120469050781,5.12790673572874,-10.0813660239572,9.32119394409368,0.576666666666667,140,160,0.466666666666667,0.415799994729083,0.305938601312073,0.05,0.908442213814944,-1.25675131961063,-0.212842595340701,-1.04390872426993,-0.403470198643625,0.756951613351728,0.05,0.95,0.1
134,134,-0.699999999999999,4.11816435440221,-7.46180532483657,-3.58471324242358,-0.58988479500539,2.52084257535616,5.78738135122276,-10.2772357827923,8.72046176312198,0.556666666666667,133,167,0.443333333333333,0.423665584711833,0.28906156819084,0.05,0.887376054134279,-2.13823094399901,0.445417458394424,-2.58364840239344,-0.454115298026392,0.823632870880442,0.05,0.95,0.173333333333333
135,135,-0.7,3.57812662133492,-5.81354035547422,-3.3867525908425,-1.0834943885594,2.0161598758554,5.44577721321092,-9.33355333237665,8.67578633063185,0.596666666666667,123,177,0.41,0.423323530218347,0.296899881119764,0.05,0.901556159421808,-1.74275654140599,0.0246274270787392,-1.76738396848473,-0.394841706792641,0.715625324266985,0.05,0.95,0.14
136,136,-0.699999999999998,3.90827986147609,-6.47249285612264,-3.46598786445446,-1.08048949377558,1.9257707719074,6.14824862771187,-9.74052103942534,8.91716772825291,0.586666666666667,137,163,0.456666666666667,0.420197014093051,0.291814734197063,0.05,0.887639190372769,-1.69267301986003,0.13433253816457,-1.8270055580246,-0.388497713440253,0.781655972295217,0.05,0.95,0.18
137,137,-0.700000000000001,3.80318818843234,-6.17358410920651,-3.68178255953571,-1.01445599423844,1.77178233389139,6.01042959774717,-9.79917514198771,10.4787731144556,0.566666666666667,122,178,0.406666666666667,0.424004717303458,0.294178068543272,0.05,0.894359361488575,-1.75337305716563,0.0219747919899244,-1.77534784915555,-0.354190400243653,0.760637637686469,0.05,0.946493354583501,0.14
138,138,-0.699999999999999,4.05416298844916,-7.35670026444859,-3.54413732633784,-0.727699225118355,2.34382951365357,5.63586958398974,-11.1379396066934,9.67128402783865,0.553333333333333,125,175,0.416666666666667,0.417017108383486,0.287313846267842,0.05,0.888140187464249,-2.0021700769426,0.230121483530427,-2.23229156047302,-0.365963670339052,0.810832597689832,0.05,0.95,0.15
139,139,-0.700000000000002,3.7064696042211,-6.94496312547371,-3.55687599083861,-0.558702598741345,1.79986480458734,5.33160106437947,-10.223463952443,9.72327257515021,0.55,121,179,0.403333333333333,0.421591907682736,0.292232398758924,0.05,0.883526413592247,-1.62803945148704,-0.0726660691065317,-1.5553733823805,-0.373007698914618,0.74129392084422,0.05,0.95,0.13
140,140,-0.7,3.92602394112167,-6.99893389824301,-3.42796514690296,-0.727083742928888,2.19524890674575,6.19692493675998,-9.62737014009317,8.30856510041074,0.583333333333333,123,177,0.41,0.424760203133911,0.291901189547531,0.05,0.889632003106792,-1.64164838560559,-0.0456341727147582,-1.59601421289083,-0.38077015526106,0.785204788224335,0.05,0.942286646264481,0.153333333333333
141,141,-0.699999999999999,3.77132917617997,-6.88620638515364,-3.29017924045695,-0.734897271342643,1.92683430866133,5.6630329726583,-10.2858336085452,8.91545819346557,0.563333333333333,125,175,0.416666666666667,0.42293121575283,0.292513885175843,0.05,0.90112274777163,-2.25960244812779,0.414001748662706,-2.67360419679049,-0.45245342840037,0.754265835235994,0.05,0.95,0.17
142,142,-0.7,3.91590963290967,-6.94237805188996,-3.357411639129,-0.600150905027892,2.10502749915778,5.75723376653178,-11.5120681794435,8.05515369025745,0.536666666666667,131,169,0.436666666666667,0.423790884791314,0.289653766212743,0.05,0.869699485219327,-1.85349288151802,0.194127618218108,-2.04762049973613,-0.384601830443941,0.783181926581934,0.05,0.934920753724284,0.116666666666667
143,143,-0.7,4.07187095100078,-7.32092029027441,-3.90766185743654,-0.442043652392424,1.84661557310724,5.83982889246928,-11.3156333273081,8.87148619813323,0.55,140,160,0.466666666666667,0.420439277403873,0.285721931896639,0.05,0.885228031708318,-2.0596628286565,0.48970497507444,-2.54936780373094,-0.413896358620307,0.814374190200155,0.05,0.95,0.163333333333333
144,144,-0.7,3.9724115737014,-7.60254249516524,-3.32933845992503,-0.674804226212249,1.97975024644903,6.33924347272738,-10.6176942626024,9.14114879650124,0.566666666666667,138,162,0.46,0.418109126656817,0.295180774684921,0.0505434068428736,0.883660550707833,-1.71041633268851,0.160725024142064,-1.87114135683057,-0.452494600664235,0.794482314740281,0.05,0.95,0.16
145,145,-0.7,3.75164271241412,-6.96495864910294,-3.32009354612748,-0.840114429503287,1.92216095612215,5.51402291228113,-10.6990491848171,8.58855752001939,0.59,137,163,0.456666666666667,0.427481375830817,0.299963688251534,0.05,0.890710405597811,-1.77173445650088,0.200782948101969,-1.97251740460285,-0.336325522610889,0.750328542482825,0.05,0.944357790009963,0.163333333333333
146,146,-0.7,3.86471617459239,-7.04239956860441,-3.40398250522991,-0.750979567727601,2.23706693352518,6.25003318055778,-10.3086031574975,7.74086457957971,0.576666666666667,141,159,0.47,0.419336414987452,0.291040724788166,0.05,0.885405287981187,-1.99377147518242,0.447306779878755,-2.44107825506118,-0.378553956338467,0.772943234918478,0.05,0.95,0.136666666666667
147,147,-0.699999999999999,3.81147239507903,-6.29047115706815,-3.51456803390917,-1.014191717579,1.95491507497756,5.82327364824063,-10.3591495347513,8.89351798344163,0.6,113,187,0.376666666666667,0.42475153879304,0.291361276151772,0.05,0.870896152377186,-1.70838587178376,-0.0906545266761248,-1.61773134510763,-0.386721339521761,0.762294479015805,0.05,0.939587822118459,0.196666666666667
148,148,-0.700000000000001,3.80485963929044,-6.6653594740408,-3.71822408282774,-0.494990408404185,1.91588891937268,5.92409587370877,-10.4437582386244,8.9713150238115,0.546666666666667,135,165,0.45,0.417024522274281,0.285021641870187,0.05,0.89024052236972,-1.61358999010727,0.0474827191786763,-1.66107270928595,-0.352406401658648,0.760971927858088,0.05,0.95,0.153333333333333
149,149,-0.700000000000001,3.69602057870653,-7.13747446513976,-3.21741726652549,-0.685447220886017,2.10613215436963,5.29885313283634,-9.75579647494421,7.90314398271371,0.55,120,180,0.4,0.423503062557355,0.294361517594368,0.05,0.893158457236129,-1.84079529088844,0.0605301939256257,-1.90132548481407,-0.426151093836984,0.739204115741306,0.05,0.95,0.17
150,150,-0.7,3.71371489274757,-6.83350221770504,-3.12179172736401,-0.45452384590749,1.85125377394236,5.52870090343521,-9.53364131019119,8.32670365962252,0.58,137,163,0.456666666666667,0.421533715900744,0.291071586535458,0.05,0.873755808875524,-1.67557481563231,0.119961654856604,-1.79553647048891,-0.356270865934493,0.742742978549514,0.05,0.95,0.17
151,151,-0.7,3.91798041848705,-7.23125014881502,-3.5038345653833,-0.871219650076835,2.05137214496702,5.70183474939241,-9.35711841802377,8.79538324018562,0.583333333333333,127,173,0.423333333333333,0.417670068972915,0.288742209359572,0.05,0.885835609273841,-1.6369790434468,-0.0121598929610172,-1.62481915048579,-0.436546119320669,0.783596083697409,0.05,0.95,0.166666666666667
152,152,-0.699999999999999,3.89240635869119,-6.8341126703297,-3.67231792316072,-0.636380803078221,2.23833719652099,5.28882093520254,-9.85503946739455,9.54933421722767,0.556666666666667,122,178,0.406666666666667,0.42441710704131,0.291213709233095,0.05,0.887323301418905,-1.18489512095198,-0.367656153055387,-0.817238967896588,-0.303426768659336,0.778481271738238,0.05,0.949537263028604,0.156666666666667
153,153,-0.7,4.18023114000612,-7.89982851486244,-3.87604663493652,-0.398153374663723,2.53873445109292,5.9885785204563,-10.9237159209643,8.23052628711165,0.536666666666667,123,177,0.41,0.41987054315635,0.290961938600062,0.05,0.883658827942878,-2.06887065898863,0.25124910200905,-2.32011976099768,-0.466662659841417,0.836046228001225,0.05,0.95,0.153333333333333
154,154,-0.7,4.02138419130581,-6.95636139984896,-3.75522478466516,-0.630895193399231,2.06597611711922,5.84585788081204,-10.3465314984656,8.82794526752579,0.553333333333333,126,174,0.42,0.427392276682366,0.297479886573649,0.05,0.88486738789134,-2.0848711781709,0.302837749709965,-2.38770892788087,-0.445587921480406,0.804276838261162,0.05,0.95,0.143333333333333
155,155,-0.699999999999999,4.09725640913995,-7.35752507966624,-3.69900817962294,-0.776199288919381,2.50860392864065,5.90818042122484,-11.9608682198995,10.1109536492066,0.573333333333333,133,167,0.443333333333333,0.420274031462466,0.291777882821407,0.05,0.884760889737604,-2.03717635665364,0.36493685889182,-2.40211321554546,-0.438289215408747,0.819451281827991,0.05,0.95,0.173333333333333
156,156,-0.7,3.88282502773562,-6.53063917620063,-3.72952584098833,-0.78289436282237,2.23508700202282,5.59072840715349,-10.2927669319547,9.04449143155109,0.58,132,168,0.44,0.419932863276484,0.297204974930063,0.05,0.901787047870187,-1.79933763538236,0.163765284943283,-1.96310292032564,-0.399745523546131,0.776565005547125,0.05,0.946570941994425,0.163333333333333
157,157,-0.700000000000001,3.93485008416005,-7.04851424776717,-3.47744493175433,-0.76469670400507,2.19582737068753,5.81654116768287,-10.9738735131677,9.20289127624789,0.576666666666667,133,167,0.443333333333333,0.417805183859391,0.289901166977317,0.05,0.902891230154594,-1.97968938279177,0.319153819828171,-2.29884320261994,-0.39467386647821,0.786970016832009,0.05,0.95,0.176666666666667
158,158,-0.700000000000001,3.96615133108215,-7.55667203819126,-3.40658361089772,-0.287636101661338,2.03021749123507,5.67210769967635,-10.9012225058932,9.23214951108222,0.536666666666667,130,170,0.433333333333333,0.421553528250405,0.29794124460183,0.05,0.893390803658374,-2.01285198373378,0.303945634619952,-2.31679761835374,-0.365364630540826,0.793230266216429,0.05,0.95,0.16
159,159,-0.700000000000001,3.88067220218239,-6.35454755113235,-3.494321741335,-0.874254005351302,2.04620055567487,6.00240379120863,-10.494468721838,9.5730136810624,0.59,122,178,0.406666666666667,0.424534439137763,0.292038756845503,0.05,0.88513224297155,-1.78226082580607,0.0417742738670828,-1.82403509967316,-0.380244252746574,0.776134440436479,0.05,0.94794643486758,0.183333333333333
160,160,-0.7,3.85558783451837,-7.27960261315317,-3.38870180752154,-0.442336370120614,2.06007946009925,5.27807362217324,-10.2173021638056,9.42944105304688,0.553333333333333,127,173,0.423333333333333,0.426490230720261,0.288376906868575,0.05,0.879488348812542,-1.20882060634484,-0.326472734070547,-0.882347872274297,-0.348187421171965,0.771117566903675,0.05,0.928749244837025,0.133333333333333
161,161,-0.699999999999999,3.93044883209649,-6.74133273818664,-3.59457675997513,-0.738180033834971,1.76475229221865,6.40865306347609,-9.75541735986455,9.35021057510506,0.6,119,181,0.396666666666667,0.424415969198297,0.298836560485341,0.05,0.862931827922125,-1.39598755327321,-0.242417022986118,-1.1535705302871,-0.414183742224395,0.786089766419297,0.05,0.95,0.13
162,162,-0.699999999999999,4.09696050681765,-7.73214806208726,-3.15077144721592,-0.808802725917283,2.0385334869546,6.46909465520694,-10.6718462763005,9.56821015254925,0.586666666666667,123,177,0.41,0.417401889090222,0.286426027929434,0.05,0.901812530865467,-2.24755864078466,0.375422106307984,-2.62298074709264,-0.449042250969199,0.819392101363529,0.05,0.95,0.17
163,163,-0.7,3.8667358423662,-7.1193508091763,-3.50991394521437,-0.664962240383981,1.97087604010628,5.71989873299479,-11.6903035687192,7.57752107309023,0.556666666666667,132,168,0.44,0.423497356879584,0.294044987945945,0.05,0.877418954555814,-1.57648335826123,-0.0113345042233191,-1.56514885403791,-0.395039057650447,0.77334716847324,0.05,0.948025392776053,0.126666666666667
164,164,-0.700000000000001,3.72240123187295,-6.90727858452896,-3.17991748311518,-0.758726219768907,1.96683145723074,5.29576824599386,-9.47918920243447,8.36528597242899,0.57,118,182,0.393333333333333,0.428641227192223,0.28796987790694,0.05,0.881293361429318,-1.4195865938637,-0.233454845736722,-1.18613174812698,-0.372166982402863,0.744480246374589,0.05,0.934609039584667,0.173333333333333
165,165,-0.700000000000002,3.90451372642793,-6.92280741388574,-3.26904856912165,-0.877952169335018,1.59906863419937,6.09170848262233,-11.0799230279501,9.76344345960479,0.596666666666667,121,179,0.403333333333333,0.426294546338462,0.291970750433058,0.05,0.875719407672748,-1.99111910444527,0.172767662781435,-2.1638867672267,-0.364260938452432,0.780902745285586,0.05,0.927987247185437,0.163333333333333
166,166,-0.700000000000001,4.00514429112894,-6.97068523760087,-3.68415821433999,-1.1287941010128,2.06915369514435,6.13120202647858,-9.2645071980085,9.92101823844146,0.573333333333333,124,176,0.413333333333333,0.418102960052513,0.287506520566229,0.05,0.88827531492196,-1.73143603631413,0.0266935710394998,-1.75812960735363,-0.405270865911065,0.801028858225788,0.05,0.938671076965408,0.153333333333333
167,167,-0.699999999999999,3.83346703731065,-6.88886120842479,-3.64903291774265,-0.355365569261039,1.86271472209401,5.76086591995129,-9.82897648877835,10.115747868622,0.54,116,184,0.386666666666667,0.4228489822353,0.292609886624511,0.05,0.888780130077057,-1.79332093223366,-0.0107324557657314,-1.78258847646793,-0.361491086129816,0.766693407462131,0.05,0.935256619784135,0.146666666666667
168,168,-0.700000000000001,3.7920781939959,-6.68298419513337,-3.65979716165759,-0.777989869331409,1.982246373248,5.26163839725389,-9.82042178527288,9.63637673751984,0.56,115,185,0.383333333333333,0.424898331666495,0.299696334499622,0.05,0.873765740320513,-1.63026875886292,-0.121724825571703,-1.50854393329121,-0.392619122072699,0.758415638799181,0.05,0.941863588146665,0.143333333333333
169,169,-0.7,3.88884482756477,-7.01340389758352,-3.61658650652314,-0.629658357078459,2.29360327829802,5.58881435238064,-10.3470393845831,8.68940925892244,0.563333333333333,114,186,0.38,0.420050655347242,0.296105122909109,0.05,0.898667531262698,-1.60244189101489,-0.1468904538941,-1.45555143712079,-0.371743915811372,0.777768965512954,0.05,0.95,0.13
170,170,-0.699999999999999,3.81087437194551,-7.42378202180757,-3.29481004458473,-0.665648506753638,1.870502958102,5.62830959184494,-11.2628567089569,9.69101554627532,0.573333333333333,117,183,0.39,0.420478236368562,0.297862544317717,0.05,0.88603546427484,-2.06533882197715,0.172921541919819,-2.23826036389697,-0.364690632368493,0.762174874389101,0.05,0.937099237860098,0.146666666666667
171,171,-0.7,3.92599115348809,-7.78930534941575,-3.51711672096947,-0.847388208476971,1.94197282768025,6.28654779140525,-9.50557990048244,8.70947486432415,0.566666666666667,135,165,0.45,0.418285977585543,0.298399221022569,0.05707531551554,0.896297585096864,-1.82444830400179,0.220003157819645,-2.04445146182143,-0.375935851503261,0.785198230697619,0.05,0.949459571760517,0.136666666666667
172,172,-0.7,3.79085614437006,-6.72061966814762,-3.28849982004904,-0.761484827519462,2.28041945296717,5.37848103777885,-10.9023139443929,8.73094054063157,0.583333333333333,124,176,0.413333333333333,0.422368179854807,0.293271904260181,0.05,0.883981565358809,-1.59728677206445,-0.0678206833182257,-1.52946608874623,-0.347943527426306,0.758171228874011,0.05,0.95,0.17
173,173,-0.7,3.85179862742928,-6.96583644816496,-3.67704008823003,-0.905084121540249,2.14112088930289,5.49009197078507,-10.0321532440075,9.44098413279131,0.58,134,166,0.446666666666667,0.419066099166203,0.294897111963839,0.0520747022682263,0.884592331437197,-1.50244156682416,-0.052245964129893,-1.45019560269427,-0.34808034244931,0.770359725485857,0.05,0.95,0.146666666666667
174,174,-0.699999999999999,3.82154748658425,-7.02980419739337,-3.29909521392029,-0.813527304025983,2.01174883372082,5.41422564118559,-10.5049914645502,9.20276787131129,0.55,134,166,0.446666666666667,0.420773312821869,0.296728281941483,0.05,0.893030311399137,-1.41704009661788,-0.121184500320503,-1.29585559629738,-0.408051472279098,0.76430949731685,0.05,0.944258860343277,0.14
175,175,-0.699999999999999,3.91231840012822,-7.12845502457651,-3.259430585754,-0.822597337963676,2.16716928312799,5.86696795559567,-10.9494330949019,8.82408072701868,0.583333333333333,139,161,0.463333333333333,0.419748132254675,0.294107699000726,0.05,0.903083175594863,-1.84162721151615,0.28562846211643,-2.12725567363258,-0.380242793521565,0.782463680025644,0.05,0.95,0.156666666666667
176,176,-0.700000000000001,3.9969881260524,-7.16064455102315,-3.92464749127816,-0.948473743104146,2.30044646594576,5.93536820940625,-12.0105039067427,8.31573236152249,0.583333333333333,123,177,0.41,0.422222227218232,0.289381786361951,0.05,0.882411534774952,-1.43372604168294,-0.190122581203382,-1.24360346047956,-0.41656353457775,0.799397625210479,0.05,0.95,0.153333333333333
177,177,-0.699999999999999,3.900252942635,-6.96846811554446,-3.65393506133193,-0.719959829320492,2.07359351737744,6.19760176534726,-10.542412117611,8.26425980206855,0.57,129,171,0.43,0.421076985275523,0.293299690059451,0.05,0.912728880272904,-1.85858545454306,0.174020606058798,-2.03260606060185,-0.433489146223606,0.780050588527,0.05,0.95,0.176666666666667
178,178,-0.7,3.98104624212768,-7.00105711297561,-3.83195948126923,-0.683044619105573,2.07456727960513,5.61459157031437,-9.62969368867946,10.0079872244255,0.56,127,173,0.423333333333333,0.423411504353645,0.293222885739993,0.05,0.890241285224721,-1.64714198110649,-0.00469923930333177,-1.64244274180315,-0.403794399242758,0.796209248425536,0.05,0.95,0.153333333333333
179,179,-0.700000000000001,3.89828308558296,-7.14047341522089,-3.63777312041678,-0.647052843459804,2.18234492565189,5.55383822825907,-10.1689591992395,10.9267464694239,0.566666666666667,126,174,0.42,0.427015858836042,0.28873577196601,0.05,0.88036719441534,-2.09692706630651,0.311567875601262,-2.40849494190777,-0.420118949233899,0.779656617116593,0.05,0.95,0.17
180,180,-0.700000000000001,3.91861728370219,-7.02773506576525,-3.57852283985041,-0.883029910155135,2.21804636894211,6.2904107268575,-9.28728722237015,10.1982903275129,0.586666666666667,123,177,0.41,0.42066294505169,0.295094845400964,0.05,0.883760722650418,-1.78321040959784,0.0527394371781612,-1.835949846776,-0.370388765149759,0.783723456740439,0.05,0.95,0.136666666666667
181,181,-0.699999999999999,3.88480459562944,-6.88510697729662,-3.43325331075569,-0.798972539000091,1.7885128457105,5.74341177929101,-10.0422005701405,9.15519889245405,0.59,115,185,0.383333333333333,0.418963345069755,0.285722369829436,0.05,0.892268650995767,-1.85811941472716,0.0199120686141835,-1.87803148334135,-0.42374778300547,0.776960919125887,0.05,0.95,0.15
182,182,-0.699999999999999,3.81529363648197,-6.48513707691839,-3.46057255330945,-0.639116371525841,2.09161469506654,5.32861734015781,-11.1173480557754,9.1438772144097,0.566666666666667,128,172,0.426666666666667,0.420371910064917,0.302962169155604,0.05,0.898330603523575,-1.95095947834905,0.230946588538827,-2.18190606688787,-0.358054440440358,0.763058727296394,0.05,0.95,0.116666666666667
183,183,-0.700000000000001,3.72379875135974,-6.58180334853052,-3.35237264822652,-0.560524949311048,1.96390628074814,5.46542373197986,-10.2427385328229,9.06197965646675,0.566666666666667,127,173,0.423333333333333,0.416626518142463,0.293173488938501,0.05,0.909156468521014,-1.75270144178982,0.0727923879035062,-1.82549382969332,-0.378315889597553,0.744759750271949,0.05,0.95,0.16
184,184,-0.699999999999999,3.95880091152024,-7.21615981759237,-3.51175805420473,-0.770524428477978,2.23970020542787,5.81820770115634,-9.77070574623164,8.6274732725495,0.576666666666667,127,173,0.423333333333333,0.421520524078783,0.296440620939937,0.05,0.890257283663331,-1.75733151330775,0.0761913421392188,-1.83352285544697,-0.424751311298123,0.791760182304048,0.05,0.947466749540811,0.14
185,185,-0.7,4.06309922521771,-7.32753615181879,-3.61054827756104,-0.675376493924385,2.28721182206594,5.7262005678701,-11.3009727642613,9.55277519534519,0.54,118,182,0.393333333333333,0.422662645112966,0.294032900928289,0.05,0.895159433833385,-2.2038324855075,0.275012270823543,-2.47884475633104,-0.413263563250046,0.812619845043542,0.05,0.95,0.163333333333333
186,186,-0.700000000000001,3.83474164046607,-6.39659041167994,-3.49306575600786,-0.893144789479624,2.11943358914918,5.93490526754876,-9.60563782501125,8.44365439278064,0.566666666666667,129,171,0.43,0.416934102613881,0.287030980406134,0.05,0.911491114108017,-1.9007377299106,0.205819690985191,-2.1065574208958,-0.372852223905381,0.766948328093214,0.05,0.95,0.2
187,187,-0.700000000000001,3.97200876249354,-7.07260802521434,-3.63492590872795,-0.935402738450178,2.51732560332454,5.65643892431633,-10.8581589242754,8.4064821578559,0.58,126,174,0.42,0.423598209022022,0.289842011611538,0.05,0.869603873022962,-1.78273112243382,0.0840466748658666,-1.86677779729968,-0.409725107295471,0.794401752498708,0.05,0.938145779441635,0.12
188,188,-0.699999999999999,3.92683137780346,-7.39339254244144,-3.71997220530295,-0.350603137824577,2.00455048593419,5.52135340273078,-11.7862765387024,8.60791359300514,0.52,116,184,0.386666666666667,0.422138766034694,0.287685329587176,0.05,0.877744458121739,-2.28330171939614,0.298168475271479,-2.58147019466762,-0.371823007799019,0.785366275560691,0.05,0.949265884239317,0.156666666666667
189,189,-0.7,3.67614577485571,-6.40429985535156,-3.48600021198451,-1.13956445123162,1.89440505188714,5.1813015046907,-10.8917792932574,8.49663290441483,0.583333333333333,117,183,0.39,0.423312706521643,0.288217013130818,0.05,0.876304994201651,-1.62729385220592,-0.107139996130643,-1.52015385607528,-0.356422289785629,0.735229154971142,0.05,0.949784417598689,0.156666666666667
190,190,-0.700000000000001,3.84277068200222,-6.98333409105186,-3.69014802598642,-0.703152355496468,2.22363636137388,5.52734953834003,-10.2988445019282,9.33004136219424,0.57,121,179,0.403333333333333,0.428431578785183,0.292404488617072,0.05,0.868590893261175,-1.69715876262511,-0.0259429593428064,-1.6712158032823,-0.415374051917044,0.768554136400443,0.05,0.92768991647309,0.13
191,191,-0.700000000000001,3.92218056242062,-7.40535902251456,-3.44553078870073,-0.508772400266305,2.07029897374444,5.38423608926501,-11.3699977910915,9.10945844608064,0.546666666666667,128,172,0.426666666666667,0.424314043739186,0.291560535533773,0.05,0.888280924523493,-1.64962217483476,0.00669557197005521,-1.65631774680482,-0.38136925083742,0.784436112484124,0.05,0.949917460262371,0.143333333333333
192,192,-0.7,3.80636890456857,-6.64618996813323,-3.39153165066863,-0.717506643531805,1.88493926599227,5.53738067676178,-11.088496714168,8.64306727689245,0.566666666666667,126,174,0.42,0.420053848029629,0.295581318110697,0.05,0.882396767003658,-1.8264823593848,0.115728605071753,-1.94221096445656,-0.382142439151394,0.761273780913714,0.05,0.95,0.13
193,193,-0.700000000000001,3.58617477445562,-7.09808551352327,-3.26046608579952,-0.171977253251634,1.61076157812965,4.55475366732195,-11.3682201180319,8.31473499524682,0.536666666666667,131,169,0.436666666666667,0.424551579310249,0.296166774687785,0.05,0.903959142489662,-1.36951084622396,-0.18103005411042,-1.18848079211354,-0.387428696063901,0.717234954891125,0.05,0.925977068193565,0.16
194,194,-0.700000000000001,3.84438945810518,-7.04624299669408,-3.68642961669988,-0.816667676829122,2.14648150974836,5.84073790502941,-9.15796076931437,7.92123187364089,0.57,120,180,0.4,0.417003978803022,0.288451092764948,0.0531866087654777,0.8886176700941,-1.67376734031491,-0.0508217731233957,-1.62294556719151,-0.413392030837148,0.768877891621036,0.05,0.944150839234412,0.13
195,195,-0.7,3.94926497043605,-7.09753828073081,-3.73182384209831,-0.880506181506655,2.32601611027511,5.77338859685821,-9.88937647859403,8.87057369363125,0.56,118,182,0.393333333333333,0.419629196368699,0.292840779150637,0.05,0.885380723313926,-1.86413540898333,0.0547691113188603,-1.91890452030219,-0.410984770661574,0.78985299408721,0.05,0.946567525407443,0.183333333333333
196,196,-0.699999999999999,4.07980726745838,-7.76897923859386,-3.34644982831558,-1.10278517118456,2.01792625078666,6.49604569828064,-11.4752279394761,8.25687366522835,0.58,115,185,0.383333333333333,0.418003899453047,0.291000542397547,0.0500814986611484,0.893571145857305,-1.67132218802755,-0.0962051263612514,-1.5751170616663,-0.443938768397459,0.815961453491676,0.05,0.95,0.18
197,197,-0.7,4.21186857074005,-8.00703976678321,-3.73428715266624,-0.486448348819853,2.2903873585387,5.91886179517788,-10.7150874385405,8.39189548803785,0.536666666666667,124,176,0.413333333333333,0.417647713135018,0.296649060042945,0.05,0.889776566687053,-2.15371026348457,0.324204958364126,-2.47791522184869,-0.468835847183094,0.84237371414801,0.05,0.95,0.126666666666667
198,198,-0.7,3.92270958926468,-6.73865273108175,-3.42567306433335,-0.681164440402812,1.71877466797076,6.13643214774425,-11.2221852627168,8.88116428666589,0.573333333333333,123,177,0.41,0.422051711661165,0.296444284656331,0.05,0.89922946862007,-1.76599492049496,0.0407761311914151,-1.80677105168638,-0.414704194669535,0.784541917852936,0.05,0.95,0.163333333333333
199,199,-0.7,3.83849457110426,-6.77657575646654,-3.71804562575377,-0.530388530300603,2.01776019420566,5.36617476734341,-10.5416233134823,9.97377132913129,0.533333333333333,124,176,0.413333333333333,0.423246004036471,0.28523242328401,0.05,0.880754182888439,-1.65489658256691,-0.0272319531914939,-1.62766462937542,-0.407278079433973,0.767698914220852,0.05,0.95,0.166666666666667
200,200,-0.700000000000001,3.90688299159006,-6.94622007605033,-3.40440179308369,-0.573856185340083,1.83074994851501,5.56427777622219,-11.0800724693974,9.14505346207318,0.536666666666667,137,163,0.456666666666667,0.420741307946799,0.296440996573839,0.05,0.905339182307359,-1.83513945264079,0.254074263876001,-2.08921371651679,-0.471538155487879,0.781376598318012,0.05,0.95,0.143333333333333
